{"cameraMode":{"drawMode":0,"name":"Shaded","section":"Shading Mode"},"sceneLighting":true,"audioPlay":false,"sceneViewState":{"m_AlwaysRefresh":false,"showFog":true,"showSkybox":true,"showFlares":true,"showImageEffects":true,"showParticleSystems":true,"showVisualEffectGraphs":true,"m_FxEnabled":true},"in2DMode":false,"pivot":{"x":0.6652402877807617,"y":-0.6728873252868652,"z":1.444066047668457},"rotation":{"x":0.07797858864068985,"y":0.9211674332618713,"z":-0.28980836272239687,"w":0.2478114664554596},"size":4.166834831237793,"orthographic":false}